,swath_overlap,master,center_lat,center_lon,center_time,center_range,az_pix,heading,incidence,dfDC,ka,tecs_A,tecs_B,Hiono,ITRF_N,ITRF_E,ITRF_RMSE_E,ITRF_RMSE_N,GPS_N,GPS_E,GPS_RMSE_E,GPS_RMSE_N,slope_plates_vel_azi_itrf2014,slope_plates_vel_azi_gps,count_all,daz_bovl_RMSE_selection,daz_bovl_count_selection,daz_bovl_RMSE_full,slope_daz_bovl_mmyear,intercept_daz_bovl_mmyear,daz_bovl_RMSE_mmy_full,daz_bovl_RMSE_mmy_full_error_multi,daz_bovl_noiono_RMSE_selection,daz_bovl_noiono_count_selection,daz_bovl_noiono_RMSE_full,slope_daz_bovl_noiono_mmyear,intercept_daz_bovl_noiono_mmyear,daz_bovl_noiono_RMSE_mmy_full,daz_bovl_noiono_RMSE_mmy_full_error_multi,daz_bovl_notide_RMSE_selection,daz_bovl_notide_count_selection,daz_bovl_notide_RMSE_full,slope_daz_bovl_notide_mmyear,intercept_daz_bovl_notide_mmyear,daz_bovl_notide_RMSE_mmy_full,daz_bovl_notide_RMSE_mmy_full_error_multi,daz_bovl_notide_noiono_RMSE_selection,daz_bovl_notide_noiono_count_selection,daz_bovl_notide_noiono_RMSE_full,slope_daz_bovl_notide_noiono_mmyear,intercept_daz_bovl_notide_noiono_mmyear,daz_bovl_notide_noiono_RMSE_mmy_full,daz_bovl_notide_noiono_RMSE_mmy_full_error_multi
0,1-1,2020-09-05,38.964791,73.860779,12:58:26.537656,824661.3949,13.96611,-10.6832290287,33.9519881426,4797.773650425647,-2255.710554885009,9.57858017246354e+16,9.550059953205002e+16,450.0,2.16,28.876666666666665,0.0278388218141503,0.1991858428704209,19.3565,26.7575,2.045095670133796,5.296002407476793,-3.230566310440433,14.060717458731972,206,19.228482124399825,133,46.80582378882514,4.288786896522551,-14.609958714490896,1.606075007220823,6.331787829210512,16.532032015374895,129,48.45096306636328,8.958486770138567,-23.82537591611457,1.6625256123628782,6.55433861481081,19.985878410294692,130,50.77625589493652,3.966286931103766,-3.8842296830392784,1.7423147153875433,6.868899061342802,18.206018024411726,126,51.34372194367133,8.612935877293978,-16.530942370672037,1.761786502540176,6.9456646073799835
1,1-2,2020-09-05,39.130556,73.82066,12:58:29.295933,824661.3949,13.96611,-10.683975739,33.920326588,4797.773650425647,-2255.710554885009,9.533601877704506e+16,9.504972490898227e+16,450.0,2.16,28.870000000000005,0.031224989991992,0.1991858428704209,16.875,27.1565,2.506722228994137,4.590990742748236,-3.229705397035534,11.547874277699988,206,18.331045893993664,130,47.54170321828194,4.204278885947808,-16.940538862456968,1.631325659048065,6.431335963139806,14.866893280305861,124,49.44041046394021,9.013275167791667,-29.209790034465936,1.6964770869352972,6.688188859983023,19.619270723932438,131,51.19457542725751,4.031799065819696,-9.111735794419753,1.7566687528022948,6.925488398076224,18.912320998459162,133,52.001518423924125,8.607131557248183,-21.25725962295691,1.7843578494635384,7.034649853458625
2,1-3,2020-09-05,39.296312,73.780442,12:58:32.054209,824661.3949,13.96611,-10.6848101979,33.9106119632,4797.773650425647,-2255.710554885009,9.490873907442611e+16,9.4621184941162e+16,450.0,2.0650000000000004,28.854375,0.0438130498063459,0.2655811238272279,16.875,27.1565,2.506722228994137,4.590990742748236,-3.3205803223225443,11.547440060526483,206,18.56926490042464,129,53.641140684275776,3.865818688725102,-13.211164215151072,1.8234790955388058,7.192520791090941,16.519220050112015,130,54.638496322271344,9.53169325841618,-25.124074844970544,1.8573832432415258,7.3262521225071975,22.050597871779757,132,58.17050730468676,3.532020768352627,0.11615822951997501,1.9774505667452786,7.799845004785916,17.460827733306644,123,58.242337164240475,8.56078110768026,-14.702363795041144,1.9798923538821798,7.809476376372552
3,1-4,2020-09-05,39.462057,73.740129,12:58:34.812486,824661.3949,13.96611,-10.6857955252,33.9062742358,4797.773650425647,-2255.710554885009,9.449023349803486e+16,9.420132054878624e+16,450.0,2.18,28.855555555555554,0.033208098075285,0.1991858428704209,16.875,27.1565,2.506722228994137,4.590990742748236,-3.208287657893528,11.54692733465496,206,18.60184337037824,136,47.40590502944406,5.973479144550432,-23.209645718161774,1.6266659381102735,6.41296548592757,15.741745084005338,132,48.20632726829682,10.339744041912272,-28.656951261320074,1.6541312842784188,6.521244827683485,20.001128135242944,131,51.40377431115237,5.460494059428284,-9.65776543897026,1.7638471137788718,6.953788358203111,17.58438372549982,128,51.1947842716086,9.739524871958583,-20.013455708664573,1.7566759189979857,6.925516650075941
4,1-5,2020-09-05,39.627745,73.699384,12:58:37.570763,824661.3949,13.96611,-10.6869666062,33.8619125434,4797.773650425647,-2255.710554885009,9.402280958847288e+16,9.373287618435853e+16,450.0,2.095,28.855000000000004,0.0358024884863915,0.2685821357357254,16.875,27.1565,2.506722228994137,4.590990742748236,-3.2922981282027157,11.546317945366283,206,19.833938011491927,139,53.199751700659824,4.794936787478177,-16.789775261518848,1.8084745006633356,7.133336750611599,18.373165334370405,138,54.1167914171884,9.83542616673535,-24.269004868422066,1.839648385698934,7.256298849165956,22.230582939314452,134,57.4676074584502,4.354641039973885,-2.1873996885846916,1.9535561610797603,7.705596044125894,19.457377331442288,129,57.500679082523696,9.00639174554179,-14.397708204412542,1.9546803991996853,7.710030482706234
5,1-6,2020-09-05,39.793779,73.661014,12:58:40.329040,824661.3949,13.96611,-10.686438446,33.8730131302,4797.773650425647,-2255.710554885009,9.360980237079651e+16,9.331846376959917e+16,450.0,2.2100000000000004,28.82166666666667,0.0438661877103821,0.1961446590471615,16.875,27.1565,2.506722228994137,4.590990742748236,-3.172846514462188,11.546592781921508,206,18.9255881694422,135,46.58972369174789,4.17921291852308,-12.62814480965012,1.5986598409684467,6.30255428830034,15.96012705271041,131,47.093187876577396,9.1720543036107,-19.380657535129345,1.6159354955522247,6.370661804414774,20.94418733810695,131,50.912631918621315,4.154147611833287,0.4074973565798139,1.7469942639029514,6.88734770676905,17.37028469054225,128,50.42015222953709,8.519976167807497,-11.318450044634933,1.730095526605446,6.820726148829045
6,1-7,2020-09-05,39.959791,73.622497,12:58:43.087317,824661.3949,13.96611,-10.6867140946,33.8769507026,4797.773650425647,-2255.710554885009,9.318747938496354e+16,9.289478312540051e+16,450.0,2.21,28.834444444444443,0.0350396600693812,0.1991858428704208,13.597111111111111,27.45588888888889,1.8073141982265044,4.640151356487319,-3.1753542367773178,8.269894435904114,206,20.29565802036902,135,50.755413315116456,4.006903145626943,-17.576598673889922,1.7415995320230626,6.866079523461587,18.533054746260728,136,52.7865941333538,9.392760102088499,-30.948981644587935,1.811296601388537,7.140853150817583,24.896156576309476,141,54.92732986090733,3.395735727072001,-7.905864740920812,1.8847528910288964,7.430447122850519,20.885091965493473,131,55.964335807183765,8.6771460374298,-22.624745341525788,1.9203362692890016,7.570730982805136
7,1-8,2020-09-05,40.125496,73.581794,12:58:45.845594,824661.3949,13.96611,-10.6876164733,33.8521586213,4797.773650425647,-2255.710554885009,9.274014225969789e+16,9.244621271092365e+16,450.0,2.1250000000000004,28.83,0.038847019307675,0.2685821357357255,13.597111111111111,27.45588888888889,1.8073141982265044,4.640151356487319,-3.2585081975022563,8.26942980758831,206,20.066344519295086,136,54.22839491803547,3.0106875489164566,-14.734911952814608,1.843442239598901,7.271263305364337,16.259598641470344,130,54.95812967476882,7.4048320602710005,-27.720659156553666,1.868248872291944,7.369110449232493,19.20568634503835,128,58.00326931550585,2.609454876837673,-7.4793782729701155,1.9717654718095172,7.7774207479766915,17.112349686813435,125,57.88872109006173,7.3746732636600845,-20.18351363328164,1.9678715148231005,7.762061445721383
8,1-9,2020-09-05,40.29119,73.540996,12:58:48.603871,824661.3949,13.96611,-10.6891403504,33.8075323431,4797.773650425647,-2255.710554885009,9.226625334132344e+16,9.197128693641512e+16,450.0,2.24,28.795,0.0499999999999998,0.1961446590471617,10.944833333333332,28.599499999999995,0.5524399514879416,2.2886227663524337,-3.139775828994969,5.450272383533021,206,17.733110106284656,133,52.29330516614578,3.6723763578696427,-11.765645339916679,1.7943700948677523,7.074122115531386,14.454325603610672,125,53.86544186218469,8.38255275100794,-19.967985140262485,1.8483157206692589,7.286797274134428,18.3001288412724,128,55.933760313449454,3.2143689693130257,1.6165880604568104,1.9192871148816026,7.5665947979583015,18.30399845076858,131,56.562978188870446,7.977297181777087,-12.725753671896376,1.9408778277888032,7.651713993883307
9,1-10,2020-09-05,40.456874,73.500087,12:58:51.362148,824661.3949,13.96611,-10.6902214257,33.8324828374,4797.773650425647,-2255.710554885009,9.18631258234693e+16,9.157447252189024e+16,450.0,2.155,28.814166666666665,0.0391868097783689,0.2685821357357254,10.944833333333332,28.599499999999995,0.5524399514879416,2.2886227663524337,-3.227397729284837,5.449703817856274,206,17.490064429559926,132,50.02126900275265,4.032332314110185,-14.89164471939106,1.7164084182612227,6.766766112316817,17.074229404658475,131,51.122702988929646,8.345735227149131,-22.653618243347097,1.7542025527108822,6.91576565433576,19.5706957562149,128,53.69196840485095,4.1132528965695725,-5.929416927503012,1.8423632266912333,7.2633301703228925,19.041758246047035,130,53.88894546622403,7.8670213217697045,-14.4282078389307,1.8491222132800396,7.289976789458639
10,1-11,2020-09-05,40.622547,73.459076,12:58:54.120425,824661.3949,13.96611,-10.692034941,33.771793,4797.773650425647,-2255.710554885009,9.141820293525912e+16,9.12136756708701e+16,450.0,2.27,28.795555555555552,0.0371184290855331,0.1991858428704208,10.944833333333332,28.599499999999995,0.5524399514879416,2.2886227663524337,-3.1118502140468705,5.448750038536584,206,19.681833182541922,132,49.21592354423867,3.979969898074399,-14.49854271029562,1.6887741388404864,6.657820768345619,19.975816368382617,132,50.989061032430186,6.443041754006368,-8.70375248670186,1.7496168198068238,6.897686867442639,23.242544981227,135,52.894983738960505,3.6533982984893836,-2.4802231203420577,1.8150158359306459,7.155515855798267,22.06921051076283,133,53.666291419351396,5.796160602863777,-0.6708873716411876,1.8414821575991207,7.25985664478448
11,1-12,2020-09-05,40.788209,73.417957,12:58:56.878701,824661.3949,13.96611,-10.6937595884,33.7621495696,4797.773650425647,-2255.710554885009,9.111491374093603e+16,9.091351612436589e+16,450.0,2.185,28.775625,0.0542793699300204,0.2655811238272277,10.944833333333332,28.599499999999995,0.5524399514879416,2.2886227663524337,-3.192540110229404,5.447842992311126,206,20.027134583348673,134,49.51633602254357,4.885374254032953,-20.957871927360213,1.6990823640613402,6.698459900827421,20.411248463306144,134,51.08500854790584,6.944940928249558,-11.371443722574597,1.7529091217927166,6.910666434119484,22.201661635324832,133,53.65025626460731,4.415611813620379,-7.718236188147475,1.8409319341613675,7.257687444684376,20.746751887139474,130,54.20776440649282,6.444208823335966,-3.007871179908302,1.8600620299597976,7.333105907211667
12,1-13,2020-09-05,40.953861,73.376731,12:58:59.636978,824661.3949,13.96611,-10.6953814747,33.7686648056,4797.773650425647,-2255.710554885009,9.082589640010698e+16,9.062305464102355e+16,450.0,2.3,28.778888888888886,0.0407567308687915,0.1991858428704208,9.378666666666666,28.79188888888889,0.551214668809812,2.9880886031039973,-3.080955542929329,3.872326188769641,206,20.32446434404999,133,54.52101951577123,3.9670605010120346,-15.970612877983655,1.8533897319528114,7.310500138816241,20.357848796163733,129,54.891598549125796,5.6646816857200895,-9.390972987420582,1.8659872105288702,7.360189563167473,22.963395960985316,133,58.984892810132145,3.4420640716979514,-5.813137653798439,2.0051348203973105,7.909042620741837,25.44292770831431,139,58.50660614215138,5.030776916237929,-1.179315685269538,1.98887592415441,7.844911120932741
13,1-14,2020-09-05,41.119503,73.335403,12:59:02.395255,824661.3949,13.96611,-10.6972317218,33.7716572679,4797.773650425647,-2255.710554885009,9.053128836000878e+16,9.03270161836354e+16,450.0,2.3000000000000003,28.7475,0.0531079518100113,0.1961446590471615,8.5915,28.66916666666667,0.4911225576846033,2.42849918674065,-3.0760561559646256,3.1206488506704506,206,20.084299566462928,134,48.47142563613372,3.1653901111766958,-7.396370471429618,1.6632277562251303,6.557106745776978,21.238914640175455,135,49.26347598904646,4.934620990908896,-0.6999815947063421,1.6904058330818423,6.664253557407118,21.124077255223572,132,52.745447735392446,2.852706744370929,5.34592395583418,1.8098847214972313,7.135286957537811,18.499893194427553,126,52.5775890929947,4.463886610436115,6.871423821165727,1.8041248918760873,7.112579413413449
14,1-15,2020-09-05,41.285444,73.296148,12:59:05.153532,824661.3949,13.96611,-10.697120238,33.8006979426,4797.773650425647,-2255.710554885009,9.025840990300522e+16,9.005257666000694e+16,450.0,2.215,28.743125,0.0589597320211007,0.2655811238272278,7.3225,28.64025,0.5694619536603536,1.820978216966548,-3.158711167050534,1.8791267196869643,206,20.841660521423872,135,52.476799573591855,3.446876041775924,-12.591935240976468,1.8006664434395558,7.098944831205343,21.142641449103746,131,54.255192168418695,5.175142833268434,-4.88623419514483,1.8616894458860989,7.339521829449974,22.827631702575513,132,56.040114935952694,2.7575818288031706,-0.243979696021408,1.922936521884357,7.580982214946934,24.007842197012966,132,56.87703639899105,4.4075440742258305,4.534008988162089,1.9516542868115931,7.69419909064129
15,1-16,2020-09-05,41.451361,73.256732,12:59:07.911809,824661.3949,13.96611,-10.6978384242,33.813456919,4797.773650425647,-2255.710554885009,8.99716718268325e+16,8.976431763526618e+16,450.0,2.33,28.74666666666667,0.0427200187265874,0.1991858428704208,7.3225,28.64025,0.5694619536603536,1.820978216966548,-3.046726507101684,1.8787569238523056,206,19.467074493761828,130,52.519525568866314,2.122608826004257,-4.497964506147104,1.8021325249570697,7.104724708899415,20.28822577954879,131,53.60974269362637,4.512913251060539,2.5735508998026124,1.8395417688242752,7.252206858832235,22.160440737443093,134,56.463372213001364,1.7362759707378481,8.757777085103813,1.93745999095862,7.63823951881435,22.214123084598953,132,56.62841804430871,3.7207854850138142,11.97167422456728,1.9431233029837516,7.660566552105094
16,1-17,2020-09-05,41.61697,73.215075,12:59:10.670086,824661.3949,13.96611,-10.7001008722,33.813514947,4797.773650425647,-2255.710554885009,8.96679737151925e+16,8.945918365359978e+16,450.0,2.245,28.723125000000003,0.0599687418577376,0.2655811238272278,7.3225,28.64025,0.5694619536603536,1.820978216966548,-3.127010096947413,1.8775919819024336,206,21.47389629002594,134,51.3770509424416,3.2072857759971094,-8.060770895501907,1.762930139541026,6.9501732802691825,20.114986716754014,128,52.89465807865511,5.204773026962141,-0.07929577699196066,1.8150046613622681,7.155471801195844,22.743473518303777,131,55.09389158283198,2.941701860831369,5.065403677923508,1.890468218675936,7.452979222455327,22.87070412728178,133,55.65757002043164,4.565796394013106,8.893149759752125,1.909810039360961,7.529232388875057
17,1-18,2020-09-05,41.782569,73.173309,12:59:13.428363,824661.3949,13.96611,-10.7025684182,33.7487515375,4797.773650425647,-2255.710554885009,8.929771492730323e+16,8.90878719068051e+16,450.0,2.3599999999999994,28.70083333333333,0.0602205542278972,0.1961446590471615,7.3225,28.64025,0.5694619536603536,1.820978216966548,-3.0111042353740185,1.8763214309770893,206,19.809464282073318,135,55.44358236804049,3.7055091230910855,-13.820279691175292,1.8847513706870511,7.43420281201424,19.23811022530913,132,56.44596755045046,6.162223629805979,-7.261608433635757,1.9188264929250651,7.5686085344354,22.291530734526944,135,59.556313161317156,3.270467863619602,-0.7997213392134146,2.0245597068158583,7.985662034570884,20.218285580357087,126,59.68515924659394,5.421278733007785,1.4516704195969838,2.028939705824944,8.002938478274023
18,1-19,2020-09-05,41.948156,73.13142,12:59:16.186640,824661.3949,13.96611,-10.704868454,33.7854666379,4797.773650425647,-2255.710554885009,8.90266526696352e+16,8.881513839153218e+16,450.0,2.36,28.715555555555557,0.0447524052736582,0.1991858428704208,6.4945,28.77683333333333,0.4892285423671295,1.906610474113682,-3.0149885822456617,1.0361764298886946,206,20.174188579483214,131,49.59802797380342,3.151640096260716,-11.91924866970312,1.7018855067172927,6.709511006456183,19.763779904606302,131,50.2481765710927,5.21335256417165,-5.2314530606267455,1.7241944274575165,6.797461663922817,23.606942768634664,137,54.22408729639157,3.009165866917658,-2.314954032148651,1.8606221266184897,7.335314031484082,22.30021802082676,131,53.97072836558991,4.808203564259583,1.4986831051971805,1.8519284766903885,7.3010401983450794
19,1-20,2020-09-05,42.113733,73.089423,12:59:18.944917,824661.3949,13.96611,-10.706688736,33.8400827229,4797.773650425647,-2255.710554885009,8.877513657716522e+16,8.856178076372176e+16,450.0,2.2675,28.69125,0.0656124988092973,0.265040877350394,6.4945,28.77683333333333,0.4892285423671295,1.906610474113682,-3.102273081695865,1.0352397765343762,206,19.06768589014484,131,49.733356760331155,1.8799014457330194,-7.077162465404698,1.7065291207850726,6.72781798396702,19.649948570844295,131,50.18797713197418,3.961257197807201,-4.26585245399257,1.7221287696656042,6.789318017575396,21.011860916518394,131,53.81725601245299,1.4421452457021051,1.3092820124720335,1.8466622920424127,7.2802787994623905,21.08404677310565,130,53.38949397088994,3.2638619458122946,4.705019022652329,1.8319842484063944,7.222412101062056
20,1-21,2020-09-05,42.279298,73.047305,12:59:21.703193,824661.3949,13.96611,-10.7092991388,33.8259637544,4797.773650425647,-2255.710554885009,8.844923079604029e+16,8.823449427629498e+16,450.0,2.382222222222222,28.69333333333333,0.0492442890089797,0.1963273909683628,5.3305,29.057250000000003,0.233261477030964,0.5715432325438439,-2.991239764089275,-0.1619383846773781,206,17.46219830187683,129,48.49485058796107,4.459378746139559,-16.64497436785818,1.6640315499975704,6.560275621204733,19.81256119708185,132,50.458960803885844,7.029159631307379,-11.457290318755842,1.7314271874177483,6.825976086525668,23.080643901799537,139,52.510871317883776,4.015596745250082,-4.540303629764757,1.8018355666923758,7.103553981058166,23.453067850649227,134,53.48693292958988,6.554290078923833,-4.23085872840374,1.8353277271368003,7.235593426863964
21,1-22,2020-09-05,42.444853,73.005065,12:59:24.461470,824661.3949,13.96611,-10.7123086068,33.7733499426,4797.773650425647,-2255.710554885009,8.808397117470984e+16,8.786808458799803e+16,450.0,2.295,28.68916666666667,0.0501739398734465,0.2685821357357255,5.3305,29.057250000000003,0.233261477030964,0.5715432325438439,-3.0776715829664,-0.1634900657215405,206,17.937544286665844,133,49.82104009039381,0.7599092724393312,1.900323321995395,1.7095378490492827,6.739679590006051,17.75524257264889,126,51.130726116896824,3.832857530818543,5.47486045342829,1.7544778548905022,6.916851005257987,22.49766786621134,135,54.13370740666521,0.47501344138005575,14.624850763317326,1.8575208697599677,7.323087640846099,23.200176151527288,135,54.53718953809695,3.116503575616051,14.647017388399876,1.8713657829501729,7.377669806959227
22,1-23,2020-09-05,42.610418,72.962875,12:59:27.219747,824661.3949,13.96611,-10.71491825,33.7640696264,4797.773650425647,-2255.710554885009,8.775903365186832e+16,8.754172550394656e+16,450.0,2.41,28.642499999999995,0.068506801254925,0.1961446590471615,5.3305,29.057250000000003,0.233261477030964,0.5715432325438439,-2.9573036495824705,-0.1648355968210708,206,17.76640244755748,131,55.28627825726295,0.7302531338028557,2.4226573901103645,1.8794039684136072,7.413110548261854,18.625833432811316,130,56.79334792151856,4.197999465872643,7.146123091425343,1.9306353552416076,7.6151873452036165,23.535262784222457,137,59.70712956203726,0.18269775535223054,18.63006935907756,2.0296865656124603,8.005884387861272,24.944640177087418,140,60.35690854573153,3.344258014069176,16.86156443300406,2.051775178538517,8.093010589694728
23,1-24,2020-09-05,42.776534,72.924607,12:59:29.978024,824661.3949,13.96611,-10.7149364845,33.7590572996,4797.773650425647,-2255.710554885009,8.74363097034601e+16,8.721756100847005e+16,450.0,2.41,28.65777777777778,0.0499444135459061,0.1991858428704208,5.3305,29.057250000000003,0.233261477030964,0.5715432325438439,-2.96015323550404,-0.1648449985215432,206,16.936991252789383,126,55.434818199969044,1.112866418033854,2.7092527208726116,1.9021666287188885,7.499099017606924,16.182515686843942,122,56.61742793718926,4.193643261303032,9.761940430733166,1.9427461931511993,7.659079834836437,23.62355789758588,135,59.53091119543526,0.45479487249262285,20.7580483277226,2.0427182108671107,8.053209375604714,20.873999227420004,127,59.90785947323247,3.3059501254729713,20.067554158257924,2.055652652758744,8.104202100962281
24,1-25,2020-09-05,42.942081,72.882229,12:59:32.736301,824661.3949,13.96611,-10.7181264936,33.7322388355,4797.773650425647,-2255.710554885009,8.70906808817479e+16,8.687060702007742e+16,450.0,2.325,28.653333333333336,0.0543278487657587,0.2685821357357254,4.9,29.116833333333336,0.2037237508653981,0.8005573058813467,-3.0444364376898405,-0.6005604240252618,206,18.279233011195693,129,52.93268447192536,3.371092463023262,-8.0808199931123,1.799395806539985,7.097526800062679,19.329020653208566,128,54.379276813331714,5.881389557720424,0.8549296966188242,1.848571324820762,7.291494440554113,22.719848840680203,139,56.98696110837267,2.6966157994430024,8.458194355431667,1.9372170497086567,7.641148144211864,22.892115994077965,137,57.537844180524125,4.996490458668777,11.168939108953637,1.9559437910370554,7.715013798434814
25,2-1,2020-09-05,39.16108,74.835678,12:58:27.369859,875670.65145,13.9373,-10.0352505013,39.4011937945,4024.905294436567,-2119.867689728884,1.0081102169257816e+17,1.0051171418395902e+17,450.0,1.87,28.89,0.0287228132326904,0.199185842870421,18.8335,28.322000000000003,1.844994128265273,3.810922416773486,-3.1928087095580278,13.61013844631092,206,21.500848700335982,138,52.43938402356809,4.896342545092644,-16.623470889259778,1.782626531242612,7.0313821639531,17.703903692812812,129,54.93318354923954,10.97046893652006,-26.88134269846938,1.867400852696609,7.365765525462459,23.4188234768918,138,56.387423487914994,4.543644734427774,-2.918400046268893,1.9168363437067506,7.560758600940143,18.568981410787586,128,57.67852946890122,10.286279603119711,-17.884928799795844,1.960726252392921,7.733877712377449
26,2-2,2020-09-05,39.326828,74.79795,12:58:30.128136,875670.65145,13.9373,-10.0318613116,39.3737636309,4024.905294436567,-2119.867689728884,1.0034077020930397e+17,1.0004035115073427e+17,450.0,1.7825,28.888333333333332,0.0318614424524616,0.2721004159563825,18.8335,28.322000000000003,1.844994128265273,3.810922416773486,-3.276978547195168,13.611982236543287,206,20.192200803191778,135,47.823445385536196,2.828582234186542,-9.889604402714543,1.64099323920537,6.469449417432258,18.02947769238172,128,49.357695052439084,9.331093955003142,-23.729640780673922,1.693638825702619,6.676999302927176,20.257451257507473,130,52.06987548234672,2.4976069711263147,3.0490432792581377,1.7867034243132598,7.043897044417459,19.728504973259078,128,52.43243101300287,8.82412179991714,-15.026588237546296,1.7991439996387437,7.0929427509256655
27,2-3,2020-09-05,39.492567,74.760149,12:58:32.886412,875670.65145,13.9373,-10.0289811867,39.3458269262,4024.905294436567,-2119.867689728884,9.987346897917603e+16,9.957188261095144e+16,450.0,1.9000000000000004,28.86,0.0415604707296821,0.1961446590471615,18.8335,28.322000000000003,1.844994128265273,3.810922416773486,-3.1548942671267035,13.613549047420024,206,20.283399165349714,138,52.4818481488464,3.5768659814569914,-13.547097951062767,1.784070058426557,7.037076004539701,15.974951393016301,126,55.317124758870094,9.968055651527694,-28.142685855870653,1.880452565630844,7.41724662928682,21.81676678031833,133,56.76445904901086,3.529644480941064,-3.13350089224969,1.9296533057467473,7.611313754644353,21.23449016165628,136,58.38742508339877,9.381292634440667,-18.892602646838036,1.984824478445999,7.828930621039426
28,2-4,2020-09-05,39.658292,74.722236,12:58:35.644689,875670.65145,13.9373,-10.0259800892,39.3206043948,4024.905294436567,-2119.867689728884,9.940340999099154e+16,9.910068165644403e+16,450.0,1.9,28.868888888888893,0.0317979733805647,0.1991858428704208,18.8335,28.322000000000003,1.844994128265273,3.810922416773486,-3.1549358798401297,13.615181631757402,206,19.81792032032231,135,53.17130500418018,4.494599025287615,-17.814053692074214,1.8244974055753662,7.1928959825099295,16.824991746004752,131,56.21047919029435,11.46251342596064,-32.60381028885102,1.928782328001484,7.6040287126870405,20.969062687831226,132,56.760817584035905,3.829222323875585,-2.0780494741411077,1.9476664041303522,7.678477267618191,21.217543854770852,138,58.609255331615465,10.745205288121673,-22.879825014049946,2.011092905973062,7.928529818471314
29,2-5,2020-09-05,39.823967,74.683918,12:58:38.402966,875670.65145,13.9373,-10.0231998785,39.3332063156,4024.905294436567,-2119.867689728884,9.898252596862352e+16,9.867829405225315e+16,450.0,1.8100000000000005,28.8675,0.0333371209969259,0.2732631099741187,18.8335,28.322000000000003,1.844994128265273,3.810922416773486,-3.2419250190517106,13.616694021279343,206,18.806308549479695,136,45.22385555138874,4.992722068246668,-17.814951410517864,1.5658257323552915,6.117782681535088,17.506213429032282,133,46.645684639578356,11.507144761956452,-29.627710274238954,1.6150549841772281,6.310124560965184,20.589827617665975,130,50.047776760276435,4.3845499567030135,-1.0252510469549492,1.7328486424463398,6.770352022848506,21.335233918334666,139,50.26862295313287,10.884175876788493,-20.322593954709678,1.7404951964044504,6.800227605048808
30,2-6,2020-09-05,39.9899,74.647508,12:58:41.161243,875670.65145,13.9373,-10.018859885,39.3749864753,4024.905294436567,-2119.867689728884,9.859522197258669e+16,9.828923603394938e+16,450.0,1.925833333333334,28.83666666666667,0.0457926816966387,0.20042946314594,16.291666666666668,28.46,1.478552535421045,4.927285486621073,-3.1203168050920125,11.091974912489128,206,19.074636140731673,135,50.26053646521925,3.7116220899450396,-13.011367898172827,1.7246185395752323,6.799133682933827,18.313123458255344,137,53.15443532163731,10.20355195703876,-25.149428996038225,1.8239185465078631,7.190613889343714,21.69661059313149,136,54.121704267666274,3.3136181305513372,1.661883854872472,1.8571089991850187,7.321463882875965,17.523312310177644,123,55.77479557959401,9.671408710168707,-16.152089788009448,1.9138324670320732,7.5450904020173
31,2-7,2020-09-05,40.15583,74.611098,12:58:43.919520,875670.65145,13.9373,-10.0150970212,39.3796048245,4024.905294436567,-2119.867689728884,9.81612621091918e+16,9.785380757733606e+16,450.0,1.835,28.853333333333328,0.0357601437187812,0.2685821357357255,12.420333333333334,28.971666666666664,0.7097311227969829,2.580334681134729,-3.2107775176222804,7.192677049869487,206,18.894133528959948,127,54.0524922459717,3.7194942985678465,-15.72231639614372,1.8671300470979582,7.3121010343856145,19.08175204624626,132,57.044689077294734,9.345419151050589,-27.904044182488093,1.9704892147968514,7.716878772400704,22.1468955199165,129,57.69827246577399,3.279904864000321,-5.93312278683228,1.9930658829985821,7.8052940807866475,19.41687512721727,125,59.51907903974327,9.081119641627804,-19.67809269640439,2.0559618295673476,8.051608747876381
32,2-8,2020-09-05,40.321524,74.572902,12:58:46.677797,875670.65145,13.9373,-10.0118633056,39.3658753292,4024.905294436567,-2119.867689728884,9.76989623882456e+16,9.739023049842547e+16,450.0,1.95,28.835555555555555,0.0343187671366233,0.1991858428704209,12.420333333333334,28.971666666666664,0.7097311227969829,2.580334681134729,-3.0928164051835223,7.194409161365851,206,19.26182003503772,132,52.58693171235534,4.356275840282568,-18.445212587069676,1.804445470518702,7.11384326219918,17.835686091981145,132,54.6830434220375,9.495801408654406,-30.14606151393025,1.8763705507064268,7.3974005962589615,21.48825548354266,130,56.49463670232055,3.7600300714244055,-7.582102689609494,1.9385327872656894,7.642468909452806,18.702040908759564,129,57.44525951256132,8.948706973602212,-21.418070902252893,1.9711520515630123,7.771067050727046
33,2-9,2020-09-05,40.48721,74.53463,12:58:49.436074,875670.65145,13.9373,-10.0104592372,39.3623890803,4024.905294436567,-2119.867689728884,9.724845835080656e+16,9.693835251046374e+16,450.0,1.9499999999999995,28.808333333333337,0.0491441910621338,0.1961446590471617,12.420333333333334,28.971666666666664,0.7097311227969829,2.580334681134729,-3.087380241195208,7.195161231196759,206,18.507567116790796,133,55.238246436557155,6.8273753027605215,-25.112051608710587,1.8954215493508915,7.472507226278703,17.82248747536274,130,58.43594711251468,11.407091097853629,-33.777077452928964,2.0051460819090456,7.905085067720735,20.143291160929664,127,60.49717801679492,5.772358714203132,-9.125349069062684,2.0758742770672347,8.183923803938645,19.69375701141787,126,62.51991277981944,10.850201624461116,-22.776062760290124,2.145281532108539,8.457554867714464
34,2-10,2020-09-05,40.652885,74.496272,12:58:52.194351,875670.65145,13.9373,-10.007128858,39.3837303168,4024.905294436567,-2119.867689728884,9.683291961607466e+16,9.661583128892688e+16,450.0,1.865,28.826666666666668,0.0384550111011278,0.2685821357357253,12.420333333333334,28.971666666666664,0.7097311227969829,2.580334681134729,-3.1726041286999385,7.196945085501297,206,17.691196923694182,133,55.59343482582652,4.463092938571263,-19.008579095349972,1.8898454611687525,7.454295914145791,22.699705086108068,136,58.45451343525502,8.053867870408771,-14.047361949669476,1.987105082579364,7.83792622328447,19.165382078473833,131,59.26510641318165,3.9494252079961085,-7.232448822744568,2.0146604128982974,7.946615314763067,22.885446828998578,132,60.956991708784145,7.091069022652681,-3.844943505270953,2.07217442973737,8.173473282537962
35,2-11,2020-09-05,40.818552,74.457828,12:58:54.952628,875670.65145,13.9373,-10.0052549907,39.3231691958,4024.905294436567,-2119.867689728884,9.644578371558042e+16,9.622832892288562e+16,450.0,1.98,28.791666666666668,0.051844756609312,0.1961446590471615,12.420333333333334,28.971666666666664,0.7097311227969829,2.580334681134729,-3.052333183503678,7.19794877620698,206,18.801908129643845,130,52.98299667036351,4.2568300162549475,-17.95438698769327,1.8119084597207264,7.104272956626385,20.854163151760346,132,55.675943613784305,7.019316787487696,-13.806892953043356,1.9040016529147845,7.465359179491451,20.50238778592638,130,56.66444777803442,3.5470811717151682,-7.515558037958772,1.9378064425686787,7.597903653056927,22.9911776568451,132,58.18155299640498,7.042395269093598,-6.500471167446664,1.9896882905613924,7.801326076335139
36,2-12,2020-09-05,40.98421,74.419302,12:58:57.710904,875670.65145,13.9373,-10.0024897035,39.3158210549,4024.905294436567,-2119.867689728884,9.612076174729603e+16,9.590262113217166e+16,450.0,1.895,28.78625,0.0541448674083394,0.2655811238272278,10.609,29.12677777777778,0.609882730075581,3.4371754392233167,-3.1337153189638576,5.388687079774568,206,19.137514794461055,125,48.0090023532675,3.493084105749717,-14.108761571823308,1.6473603615881047,6.494551151678131,21.239174170797916,128,50.483995830121316,6.219513407114224,-9.337169700868987,1.732286228594395,6.829362769241412,21.606569178669496,130,51.35632758272163,2.9650070269660405,-3.7311986096021084,1.7622190470440535,6.947369870218176,23.307726181240547,130,52.60378182741541,5.502087472710236,-0.07403325740251399,1.805023658155957,7.116122708319807
37,2-13,2020-09-05,41.149858,74.380685,12:59:00.469181,875670.65145,13.9373,-10.0003516366,39.2839558679,4024.905294436567,-2119.867689728884,9.576415882449037e+16,9.55454821709986e+16,450.0,1.8950000000000005,28.79916666666666,0.0416606056197705,0.2685821357357255,8.813666666666668,28.9645,0.6649507500559716,2.2099860331383696,-3.134888199047702,3.649950170016084,206,18.737787549059817,127,53.84084526522465,3.1319460610791166,-11.416943920341406,1.830267861101904,7.219298360177423,19.61526730606298,127,55.23200631399458,5.138093912309745,-0.5414646353567711,1.8775590457896358,7.405833445736609,24.025542707091912,140,57.74947029358406,2.5723347722959025,1.5648776974811693,1.96313781764261,7.743389876920549,25.37148700624647,138,58.08484415313413,4.863880041505314,6.479468451136876,1.974538530123357,7.788358783748987
38,2-14,2020-09-05,41.315507,74.342062,12:59:03.227458,875670.65145,13.9373,-9.99790688067,39.324107153,4024.905294436567,-2119.867689728884,9.549647675072952e+16,9.527681463508392e+16,450.0,2.01,28.7625,0.0575444492228709,0.1961446590471617,8.331,28.749,0.7301584302966948,2.24145681793486,-3.0140445903881137,3.2133090753887297,206,19.01825776685154,131,52.467227468281045,3.1485516342976005,-12.302289877055081,1.800337990314259,7.097649938070242,18.871600827144416,124,54.47813433716335,5.569889276013416,-3.455212434564422,1.8693393880576548,7.369680950610709,21.6163701542428,133,56.09793408824067,2.942446807217533,-1.0146061703449858,1.9249205035326153,7.588803861381447,24.25221078717559,135,56.98503046545131,4.947089959347767,5.471778698202257,1.9553599489926843,7.708808287965218
39,2-15,2020-09-05,41.481579,74.306629,12:59:05.985735,875670.65145,13.9373,-9.99349099599,39.3057938154,4024.905294436567,-2119.867689728884,9.515543237136498e+16,9.493515470019152e+16,450.0,1.925,28.756875,0.0594102965262193,0.2655811238272278,8.331,28.749,0.7301584302966948,2.24145681793486,-3.0945687682233265,3.215602626696976,206,18.055995115526212,129,52.40541488802811,3.0717699030698116,-12.485899866249824,1.781471783081787,7.02682738173725,19.243697345469826,130,54.11943012699419,5.440906473584467,-5.794307912851515,1.8397380861062858,7.256652662953241,19.901347839508976,131,56.36199151647536,3.0901632541578326,-4.070741104696807,1.9159718082459678,7.557348532082462,22.200522053490587,133,56.92610813373972,5.050094754124936,2.2414856619549854,1.9351484112396082,7.632988618152875
40,2-16,2020-09-05,41.647215,74.267886,12:59:08.744012,875670.65145,13.9373,-9.99124544998,39.3152253217,4024.905294436567,-2119.867689728884,9.484711513598733e+16,9.462603507616589e+16,450.0,2.04,28.758888888888887,0.0448454134902452,0.1991858428704208,8.331,28.749,0.7301584302966948,2.24145681793486,-2.9805391927081217,3.2167689258679166,206,17.192357222378348,127,52.04899787683053,0.7310398445677636,-1.7637932736449136,1.7859870390920152,7.041072768337908,21.123127839273433,131,53.78251528329599,3.0344407249176255,5.574277219563015,1.8454702135292105,7.275579150823652,21.154618917085518,129,55.56166671927051,0.1092657901687743,10.089007946679786,1.9065192545261702,7.516258803412428,23.16279158298754,131,56.182945978749174,3.025409102659459,12.033679795831667,1.9278375651632025,7.600304081014125
41,2-17,2020-09-05,41.812826,74.228927,12:59:11.502289,875670.65145,13.9373,-9.9895256911,39.2993971876,4024.905294436567,-2119.867689728884,9.450669746809136e+16,9.42849692053191e+16,450.0,2.04,28.730000000000004,0.0610513941468397,0.1961446590471615,8.331,28.749,0.7301584302966948,2.24145681793486,-2.974667146081889,3.21766213662586,206,16.67503626817145,128,51.094167735373524,2.5704039040127786,-8.766595656481117,1.7532234062318521,6.911905468646363,17.834409153467064,126,52.94201756244653,5.468895930727378,-3.0923022958732154,1.8166297344218916,7.16187848691985,23.355601348556657,142,55.3370851651899,2.2289807911725266,2.878112976969313,1.8988130591877337,7.485877909846522,23.587139476923223,138,56.03769766212977,4.632470712527581,6.8242905236387585,1.9228535765848778,7.580655211515888
42,2-18,2020-09-05,41.978427,74.189871,12:59:14.260566,875670.65145,13.9373,-9.98745840997,39.2942273526,4024.905294436567,-2119.867689728884,9.417840376972957e+16,9.395595573676042e+16,450.0,1.955,28.749166666666667,0.0471859635009724,0.2685821357357253,7.139166666666665,28.818166666666663,0.5786043265191391,2.535343244349109,-3.0606695011328844,2.032968104149856,206,17.257514796730753,132,57.21183032712466,2.0036151746449966,-7.898617602345281,1.9448612629821718,7.67129993648395,17.832367692281508,128,58.620114975477215,4.86039252699811,0.9749871105295838,1.992734548003359,7.860131055357214,21.91531599286055,140,61.325469535898776,1.791628131919155,4.294994603487864,2.0847004798239324,8.222880964752946,22.682211438475893,137,61.73525658739066,4.656372804491323,7.5691297189547555,2.098630797346754,8.277827631624243
43,2-19,2020-09-05,42.14402,74.150728,12:59:17.018843,875670.65145,13.9373,-9.98556512574,39.3079730059,4024.905294436567,-2119.867689728884,9.38721708143289e+16,9.36488803789797e+16,450.0,2.07,28.73,0.0466368952654445,0.1991858428704207,5.625249999999999,29.166000000000004,0.2542793739177443,1.1203128655276016,-2.9431412829186936,0.4826494780894741,206,17.8224487754132,132,47.5846709510292,3.5732036972813996,-14.522625246908088,1.6328000354417593,6.4371485425420065,19.606156679964503,131,50.61538003780707,7.255109860768709,-12.41591233400074,1.736794490071869,6.847136132892234,19.884870796326314,133,51.59355538128013,3.1837767103334214,-5.2017120273814195,1.770359180203583,6.979461519634284,22.45798629821759,134,53.376535537045264,6.669677383791084,-4.038348734119641,1.8315395982529368,7.220659112928066
44,2-20,2020-09-05,42.309602,74.111487,12:59:19.777120,875670.65145,13.9373,-9.98405631387,39.2952311152,4024.905294436567,-2119.867689728884,9.353674475921738e+16,9.331421861362014e+16,450.0,1.985,28.70125,0.0643816744112796,0.2655811238272278,5.625249999999999,29.166000000000004,0.2542793739177443,1.1203128655276016,-3.0211149792630927,0.4834315792284149,206,17.216147345465107,132,47.611150444560934,3.4464981830946297,-12.64875834711504,1.6337086414510587,6.440730629583659,17.63750164844173,126,50.45719173270923,7.09251121880763,-8.39283207564982,1.7313664842664493,6.825736770508165,19.61076566915602,133,51.58163061846863,3.0643512111843667,-1.8953703942132352,1.7699499989955738,6.977848364220618,21.88811857936761,134,53.19403797562196,6.611523705671687,-0.5987283836693322,1.825277455028986,7.195971248368859
45,2-21,2020-09-05,42.475176,74.072155,12:59:22.535396,875670.65145,13.9373,-9.98230159044,39.3078460651,4024.905294436567,-2119.867689728884,9.322879103483736e+16,9.300490106249533e+16,450.0,2.1,28.70777777777778,0.0494413232473046,0.1991858428704208,5.625249999999999,29.166000000000004,0.2542793739177443,1.1203128655276016,-2.908111249854898,0.484341149589147,206,17.25692446942966,133,54.232532242819126,1.3023416244589625,-3.1602878348493992,1.845784370634263,7.2718180622943045,16.872235334193594,125,56.18555681349261,5.480390262248329,-1.5107531561337573,1.9122548465448101,7.533691125597715,20.687046054850715,135,58.15859867762488,0.6552623328347779,9.64710940714585,1.9794066037062847,7.798248225771839,23.19734700812919,138,58.97684965378514,4.598543342875187,8.423280086134048,2.007255475971583,7.907964146859406
46,2-22,2020-09-05,42.64074,74.032726,12:59:25.293673,875670.65145,13.9373,-9.98123980813,39.2486578072,4024.905294436567,-2119.867689728884,9.283193503702765e+16,9.26069878942481e+16,450.0,2.1,28.696666666666676,0.0507444578254607,0.1991858428704208,5.625249999999999,29.166000000000004,0.2542793739177443,1.1203128655276016,-2.905654714959355,0.4848915299597527,206,17.41905292696324,126,54.5174510415661,2.3381237286204954,-6.940158379511644,1.8791330937223365,7.374999627011857,19.79777950142525,126,57.85295030484851,5.713571720885373,-0.527756658039098,1.9941026480572015,7.826218555128118,21.120263334378095,131,58.13997163561555,1.872338389347252,6.255052781742126,2.0039958340177115,7.8650461629291035,23.497239860606147,132,60.322108460855056,5.534975165305862,7.259709708723577,2.0792107504343105,8.16024078345456
47,2-23,2020-09-05,42.806524,73.994986,12:59:28.051950,875670.65145,13.9373,-9.97869333394,39.2223627835,4024.905294436567,-2119.867689728884,9.247152560155402e+16,9.224529502526222e+16,450.0,2.015,28.665625,0.0687961966002964,0.2655811238272278,5.625249999999999,29.166000000000004,0.2542793739177443,1.1203128655276016,-2.982717615658216,0.4862115073923574,206,17.527981979284593,130,50.84289608198615,1.4409809679653567,-2.6090942483839576,1.728355455896011,6.817315636543848,17.97473610742758,126,53.113034138077445,5.319334919909254,3.373073032561168,1.805526620350433,7.121709147919526,21.24228536885198,136,55.105637239967145,0.8523266886290625,12.87275935083489,1.8732632504006406,7.388889134323789,23.072041486667764,135,56.259531126081676,4.871215999618211,11.021813664379513,1.9124887656107898,7.543610038106215
48,2-24,2020-09-05,42.972304,73.957216,12:59:30.810227,875670.65145,13.9373,-9.97610931986,39.21965493,4024.905294436567,-2119.867689728884,9.214169686148403e+16,9.191394565954456e+16,450.0,2.13,28.671111111111117,0.0534893551196043,0.1991858428704208,5.072333333333333,29.165333333333336,0.1988352752070584,1.2198597733619494,-2.8691178077270525,-0.0568901728790747,206,16.91655590754708,131,49.20581457740161,0.5972171258506191,-1.5904987511758453,1.6986205915506012,6.6564532497762725,18.85949887572742,130,51.584185990563576,4.90664306997244,-1.028443405605283,1.7807237066285386,6.9781940492790175,20.792771380864046,135,53.245448060700824,-0.14110091368942465,11.014498073401235,1.838071684393611,7.202925890433694,21.052236719650608,129,54.44003278422732,4.066568866288544,8.397877611090077,1.879309619933539,7.36452665719964
49,2-25,2020-09-05,43.137838,73.917497,12:59:33.568504,875670.65145,13.9373,-9.97487690222,39.2135014713,4024.905294436567,-2119.867689728884,9.180326648432398e+16,9.157337347240675e+16,450.0,2.0358333333333336,28.665000000000003,0.0524837637231313,0.2689865942361958,4.361,29.06025,0.1459072193781591,0.46574170237733,-2.9601871664970885,-0.7386319439018196,206,17.901451742659265,131,49.68079415208839,0.7162546141190251,-1.6402399797378608,1.704725509939671,6.720707431129735,19.339783787646542,127,51.4898559314041,3.8818586683502554,6.723892697127596,1.7668008816580716,6.965433288498277,21.81638272742762,133,53.999372476509315,0.11595739330287021,10.633862639109118,1.8529113584544088,7.304915110016676,22.82454791276411,132,55.10896508520331,2.950575869160894,17.10194173186344,1.8909854443857013,7.4550183323594466
50,3-1,2020-09-05,39.342362,75.758344,12:58:28.447896,930265.10445,13.90457,-9.42499580466,43.911501675,4230.359580332918,-1990.983763180304,1.0588271366319666e+17,1.055701626746954e+17,450.0,1.6100000000000003,28.901111111111117,0.0280376730687683,0.1991858428704209,19.5555,29.77675,1.127629482587254,3.3416333830428893,-3.144474089133907,14.41538486525737,206,21.572993747523178,135,51.89243173929552,4.619231420777539,-17.540843302756898,1.7640334132756073,6.958043572972719,18.859372917659947,130,53.86286295897802,10.586691547539726,-28.52617956528553,1.831016331469607,7.222250622528165,24.26637608815313,138,56.196625570010724,4.340113145531778,-4.239140778887434,1.9103503516056763,7.535175289811461,20.951819225719277,134,57.03206197480919,10.054235157547447,-19.134778993877546,1.9387502103776657,7.647195534617861
51,3-2,2020-09-05,39.508045,75.722883,12:58:31.206172,930265.10445,13.90457,-9.41818293835,43.9102701002,4230.359580332918,-1990.983763180304,1.054300018082205e+17,1.0511607073315032e+17,450.0,1.6099999999999997,28.879166666666663,0.0407784108061952,0.1961446590471617,19.5555,29.77675,1.127629482587254,3.3416333830428893,-3.13746159703311,14.419258409916615,206,19.60008634515675,134,49.77723033537747,4.1488876063438145,-16.924450292453557,1.7080345798637784,6.733753103702452,16.593934516532688,126,52.77308186638865,10.229379261627413,-28.995151219625566,1.8108329472423628,7.139025241369797,20.079704594996993,127,53.900249029616795,3.4213246575499356,-2.2978081586573493,1.8495100789170176,7.291505910395383,19.0425892903088,128,55.66767739681642,9.806683007956021,-20.128655424923757,1.9101568595488188,7.530599692291555
52,3-3,2020-09-05,39.673721,75.687369,12:58:33.964449,930265.10445,13.90457,-9.41137548314,43.930971542,4230.359580332918,-1990.983763180304,1.0501576513189757e+17,1.047001427521111e+17,450.0,1.5225000000000002,28.8925,0.0298861475968688,0.2721004159563825,19.5555,29.77675,1.127629482587254,3.3416333830428893,-3.2225478343999816,14.423128674394787,206,19.501045736182903,132,52.60327821804564,4.318472287056976,-17.532397675842063,1.8050063775195686,7.116054581163396,16.425015535994856,127,55.94824074090545,10.12397191974792,-27.886821484575613,1.9197839900725155,7.56855367800582,21.89898110628882,133,56.311357766039784,3.5240637431002506,-1.7139024105301308,1.9322438322792603,7.61767534223927,18.551271249940456,127,58.50584025484276,9.777474273753471,-19.325068285045294,2.007544365284517,7.914540056696785
53,3-4,2020-09-05,39.839337,75.65138,12:58:36.722726,930265.10445,13.90457,-9.40504062913,43.9320274843,4230.359580332918,-1990.983763180304,1.0456324438834829e+17,1.0424619614750856e+17,450.0,1.64,28.88111111111111,0.0317979733805647,0.199185842870421,19.5555,29.77675,1.127629482587254,3.3416333830428893,-3.101587184919838,14.426730066497708,206,20.082833100330358,133,47.502749462792046,5.534448578627943,-23.849801959133504,1.6447299010573138,6.426066385661035,16.369240782456693,127,49.618071744256824,11.258706333746636,-33.39371449577242,1.717970583881841,6.712222483181409,21.405154408889075,132,52.12376220898955,4.778075476410518,-7.860842054019758,1.804727331159556,7.051186721049419,19.296530526736667,131,53.090109891743985,10.920837516840239,-24.917034120655966,1.8381860455838606,7.181912088133144
54,3-5,2020-09-05,40.005009,75.615843,12:58:39.481003,930265.10445,13.90457,-9.39827372525,43.9544401249,4230.359580332918,-1990.983763180304,1.0414184593967555e+17,1.038231341925144e+17,450.0,1.55,28.860625,0.0455292945988257,0.2702097950358819,16.832111111111107,29.078111111111117,1.5180751335527212,4.504417011235872,-3.183636998946544,11.857828924740616,206,20.1383907778566,134,49.03902277959984,5.458072826477479,-23.558043570757935,1.6979216570908908,6.633890026018089,17.12076718529461,128,50.736924905152776,11.6567935020201,-36.57054274333785,1.756709630977606,6.863578452447056,20.39841018252518,127,53.5952398641196,4.766988633122549,-9.676711511438485,1.855675609427666,7.250244948285068,18.921931129631574,129,54.22392648608354,11.188748200207149,-27.6442511561153,1.8774431849308206,7.335292277422968
55,3-6,2020-09-05,40.170977,75.582648,12:58:42.239280,930265.10445,13.90457,-9.3898794081,43.9888284228,4230.359580332918,-1990.983763180304,1.0373349349212088e+17,1.0341301446084323e+17,450.0,1.5499999999999998,28.87,0.0333030165163899,0.2732631099741187,14.139,29.6045,0.8919337979917574,2.509871152071357,-3.180957859669963,9.119527156403583,206,18.5139959081201,132,53.0945421726363,3.9813247814137176,-16.303984192701982,1.821863398623961,7.1825116772427435,17.720614876591984,136,55.84094296179612,9.834549729016027,-28.351354438243426,1.9161022199975868,7.554038672887418,20.565920097769983,129,56.669260634808566,3.5810468799294357,-4.09022356259649,1.944524758155835,7.666091646986603,19.205924497736465,132,58.3425015379976,9.37555801329185,-19.421441519089033,2.0019396304545296,7.892443958056898
56,3-7,2020-09-05,40.336636,75.547034,12:58:44.997557,930265.10445,13.90457,-9.38324862821,43.9901225078,4230.359580332918,-1990.983763180304,1.0327895649990864e+17,1.0295697385032352e+17,450.0,1.6666666666666663,28.855555555555554,0.035746017649212,0.2035313243704762,14.139,29.6045,0.8919337979917574,2.509871152071357,-3.060171607180808,9.123174250196538,206,18.08516491756433,129,51.970756984088354,2.742375182309021,-10.846074156697838,1.7833023145811893,7.030488514236395,17.783584655262754,135,54.438520745610866,8.970042310202974,-24.982662353234296,1.8679801042295094,7.364322111975691,20.53019935096774,132,55.17240778502356,2.334513030681536,0.8409543679635259,1.8931623900374037,7.463600719807354,18.27432126884772,128,56.51653354798774,8.604573541764998,-15.459300971420314,1.9392841462572656,7.645431066075008
57,3-8,2020-09-05,40.502272,75.511227,12:58:47.755834,930265.10445,13.90457,-9.37693266704,43.9894824382,4230.359580332918,-1990.983763180304,1.028146587022192e+17,1.0249124649937678e+17,450.0,1.57625,28.83625,0.0489727815560167,0.2673293848419959,14.139,29.6045,0.8919337979917574,2.509871152071357,-3.1430663970135853,9.126648072243093,206,17.357778974608525,128,55.71293229757124,2.7405109597128154,-11.448388311714453,1.8939076630331537,7.470318840560902,18.95635477931385,137,57.18305980455201,9.062190475933397,-26.91341143780957,1.9438832366797707,7.667442214982606,21.154587643145906,132,59.03559338887367,2.5188409237869456,-0.9837067055897313,2.006858337911818,7.915840853629261,17.784251845405425,126,59.49444741895161,8.53004116853357,-17.825484408312136,2.0224566402796778,7.977366710635857
58,3-9,2020-09-05,40.667899,75.475352,12:58:50.514111,930265.10445,13.90457,-9.37053197435,43.9898708387,4230.359580332918,-1990.983763180304,1.0234994449944706e+17,1.020810913667466e+17,450.0,1.6922222222222223,28.84,0.0364005494464021,0.2021000852163215,14.139,29.6045,0.8919337979917574,2.509871152071357,-3.0260452205901527,9.130168384062596,206,16.66086214275155,123,60.16792381703756,4.490416734593031,-18.80790458049411,2.0453508240644234,8.06767040167877,21.323498858944934,135,61.76282775847466,7.937004984797513,-17.727941313082187,2.0995680528463523,8.281524536998116,21.530400452691932,136,63.073804443919116,4.073710340663562,-6.356570991439552,2.1441334470596867,8.457308029787612,20.67069620091592,134,63.66785761670066,7.43311144134981,-8.913385275584169,2.1643277145265505,8.536962185939764
59,3-10,2020-09-05,40.833519,75.439415,12:58:53.272388,930265.10445,13.90457,-9.36389683884,43.9883531919,4230.359580332918,-1990.983763180304,1.0197761820846093e+17,1.0174880173671229e+17,450.0,1.6922222222222223,28.828888888888887,0.0372305131728147,0.2021000852163215,14.139,29.6045,0.8919337979917574,2.509871152071357,-3.0209102191961046,9.133817516619764,206,19.804128902354908,132,57.099627449559044,5.174709607919489,-21.46984266536449,1.9592921808643005,7.724310713315349,21.205231464556554,132,60.168318446696716,8.702286160123254,-18.57057516768182,2.0645899305123367,8.139436412094804,21.725677155610764,134,61.09865023307976,4.973814665026701,-11.62440662433075,2.0965129373004188,8.265289628752734,22.74694249223856,131,63.10176549251959,8.117659597891576,-10.157207945942638,2.165246977091812,8.536266609682512
60,3-11,2020-09-05,40.999131,75.403416,12:58:56.030664,930265.10445,13.90457,-9.35825097876,43.9417118792,4230.359580332918,-1990.983763180304,1.0157673673526986e+17,1.013475193216707e+17,450.0,1.605,28.8075,0.0531036721894068,0.2655811238272278,12.14188888888889,29.585444444444445,0.7091990396057923,3.639199721245196,-3.1006635513657725,7.169489670966384,206,20.268060728319636,138,49.505680269752226,3.3352818168607854,-17.109977573901904,1.6828980877504665,6.638013846742658,19.81361180881276,129,52.24611444845218,6.5734543861076755,-14.692808963353022,1.7760565175268013,7.00546743843508,21.506238858175873,131,53.793875166450945,2.704234602815099,-7.774010139357001,1.8286711576735946,7.213000332065421,22.659257539903148,132,55.302322354365884,6.364334024217425,-5.147674670861621,1.8799493720963083,7.415261835511064
61,3-12,2020-09-05,41.164734,75.367351,12:58:58.788941,930265.10445,13.90457,-9.35205325477,43.9455073285,4230.359580332918,-1990.983763180304,1.0125599916663342e+17,1.010259851269957e+17,450.0,1.72,28.81222222222223,0.0399304951690366,0.1991858428704208,9.36975,29.10825,0.5935685161237352,2.1748399749560123,-2.9848565340682307,4.515112145821127,206,19.06421889049455,130,46.1873306981503,4.580685584879147,-16.901541441676585,1.5865392641316363,6.248119458333109,17.952683132047486,123,48.86103611438957,7.8124154400861805,-9.992481338141245,1.6783813030515151,6.609812385474366,21.169835814635174,133,49.97908005277238,4.192844933439177,-4.150949134580205,1.7167862201674422,6.761058884916708,22.695900289603568,134,51.35915215246712,7.358469494999054,-1.7755371647396379,1.764191829896405,6.947751971736524
62,3-13,2020-09-05,41.33033,75.331218,12:59:01.547218,930265.10445,13.90457,-9.34617613518,43.9073708487,4230.359580332918,-1990.983763180304,1.0086660675214376e+17,1.0063612256926333e+17,450.0,1.72,28.802222222222227,0.0411636301174283,0.1991858428704208,9.36975,29.10825,0.5935685161237352,2.1748399749560123,-2.980287723296473,4.518214397340256,206,17.526923461148254,130,50.94762551363934,3.586603424891247,-12.141255184797895,1.7319156324111107,6.831358376966508,17.562156737621052,124,53.572025991373486,6.722262230040371,-5.862083357830955,1.8211296078863262,7.1832534850767855,19.61370675676787,133,54.76590509520732,3.4210772469306923,0.4383413490090051,1.8617143821970648,7.343335842887105,22.3641110424404,134,56.19789544738199,6.2121021834996615,2.9731112543916605,1.9103935198681468,7.535345562465591
63,3-14,2020-09-05,41.496088,75.296412,12:59:04.305495,930265.10445,13.90457,-9.33910606973,43.916833944,4230.359580332918,-1990.983763180304,1.0054608967431789e+17,1.003147857915562e+17,450.0,1.635,28.776875,0.0568880479538542,0.2655811238272278,9.36975,29.10825,0.5935685161237352,2.1748399749560123,-3.056506397031397,4.52194628516622,206,18.48445032069285,131,54.94866112131757,3.251698020340204,-11.64555839652232,1.8679269979047988,7.367840849692086,19.152636978244608,129,57.524739572283316,6.551799191310627,-6.552757118351295,1.9554983124570455,7.713256655204288,21.643933424003077,136,58.528683824470285,3.0416995390390165,-0.5694136096784277,1.9896264337757905,7.847871426904468,23.888393742223382,137,60.016845083672514,5.903462514256459,2.9252619245471303,2.0402150475213445,8.047412873278777
64,3-15,2020-09-05,41.661845,75.261617,12:59:07.063772,930265.10445,13.90457,-9.3320033829,43.9755919245,4230.359580332918,-1990.983763180304,1.002977833827503e+17,1.0006528408905656e+17,450.0,1.75,28.78333333333333,0.0412310562561766,0.1991858428704208,9.36975,29.10825,0.5935685161237352,2.1748399749560123,-2.9405226759714207,4.525695322643334,206,18.167653018100186,132,48.57869775655648,3.005039097190835,-10.511123414020698,1.6669086458588822,6.571618279845279,18.817409661164614,130,51.15743918203728,6.150947012068029,-4.6692973071499875,1.7553944755760345,6.92046468934782,20.790588368858167,132,52.54673287632527,2.579130738026046,1.8729026034160627,1.8030661048620187,7.10840525299178,21.04421536565309,129,53.93615835797849,5.723545148033891,3.8290232189053737,1.850742256243239,7.296363644537645
65,3-16,2020-09-05,41.827416,75.22529,12:59:09.822049,930265.10445,13.90457,-9.32614221201,43.9559377101,4230.359580332918,-1990.983763180304,9.993749539048782e+16,9.970436318250814e+16,450.0,1.75,28.77111111111111,0.0425571511160122,0.1991858428704208,9.36975,29.10825,0.5935685161237352,2.1748399749560123,-2.935607498726979,4.5287889937938495,206,17.745124751450703,131,47.94407079179879,3.3902670773467487,-13.64886155296396,1.645132327774939,6.485767354335002,18.931491541203492,129,50.628679579153605,6.484578319721232,-9.595908951259014,1.7372508448421449,6.848935265291058,20.503334694561357,134,51.91460395221277,3.227676800104739,-4.892186686152048,1.7813755034757561,7.022892256868783,22.781215949683368,135,53.38434377019726,5.939269811315461,-1.065609747673244,1.8318075266238283,7.22171539335724
66,3-17,2020-09-05,41.992977,75.188891,12:59:12.580326,930265.10445,13.90457,-9.32039302344,43.9454211959,4230.359580332918,-1990.983763180304,9.958534496438733e+16,9.93515221952203e+16,450.0,1.665,28.744375,0.0612066172893089,0.2655811238272277,7.716499999999999,29.018666666666665,0.480515001500126,3.069357440898665,-3.012278022048565,2.9149079691165207,206,18.304325493279965,131,48.37083597075599,2.999419341321221,-11.188510641041322,1.6597761654941123,6.543499199377268,19.428889293389314,128,52.153460022627954,6.68272357227651,-8.113971178569328,1.7895715084589716,7.055204175283281,20.474896668132146,131,52.21002601956676,2.5854667493178916,1.30404733957204,1.7915124898708648,7.062856297646948,22.768413609536154,131,54.747829516047204,6.158632515925066,0.7484926854102532,1.878593593011447,7.406164715087496
67,3-18,2020-09-05,42.158531,75.152421,12:59:15.338603,930265.10445,13.90457,-9.3147510975,43.956239531,4230.359580332918,-1990.983763180304,9.926361200243646e+16,9.90289329332391e+16,450.0,1.78,28.75111111111111,0.0462180820795406,0.1991858428704207,5.97075,29.16,0.3762632057483154,1.8477677298116597,-2.8970650317129127,1.1722441739405216,206,18.586881865706186,130,52.11890933901614,2.760437173763448,-10.200787956960632,1.7883859510872913,7.0505302355835715,18.83755966969423,127,54.375857454532095,6.694075878138719,-8.507968991920295,1.8658299028758247,7.355845161210314,22.2277723312879,135,55.69224930185583,2.314570430981603,1.8936328083719989,1.91100000938296,7.533923725001052,22.194995367259114,131,56.91186132654255,6.188251410139282,0.29557833828904156,1.9528492544724847,7.698910129451727
68,3-19,2020-09-05,42.324077,75.115884,12:59:18.096880,930265.10445,13.90457,-9.30894355082,43.931233937,4230.359580332918,-1990.983763180304,9.888808945598026e+16,9.86528231274721e+16,450.0,1.6950000000000005,28.744999999999997,0.046612522702888,0.2685821357357254,5.97075,29.16,0.3762632057483154,1.8477677298116597,-2.97705207546291,1.1752588321838564,206,17.015421103506977,130,51.65211434591557,1.6679904630837858,-6.192299431083145,1.7558640541319899,6.925820398254649,17.880370608090274,128,53.652434642542936,5.701290328374579,-7.186949730476314,1.8238630228107298,7.1940351516845835,19.94565186858487,132,55.773617540211795,1.1757298120476223,3.3377695362058013,1.8959705996141394,7.4784558761242135,20.97782978954671,130,56.664698139276524,4.9298451297701895,2.4907888871162513,1.926262029365778,7.597937222970172
69,3-20,2020-09-05,42.489614,75.079273,12:59:20.855156,930265.10445,13.90457,-9.30337858368,43.9481024713,4230.359580332918,-1990.983763180304,9.857728473332269e+16,9.834109429458054e+16,450.0,1.81,28.700833333333332,0.0652907251290626,0.1961446590471615,5.97075,29.16,0.3762632057483154,1.8477677298116597,-2.8536429002197186,1.1781475576987228,206,17.816324249370098,130,49.7812337613722,2.4035986688794635,-9.520101413174682,1.7081719517101066,6.734294678274516,18.791612023847904,128,52.23727638581866,6.650372381350195,-8.849323250482545,1.7924475472768084,7.066542666637136,19.92201803363832,130,53.75606440436274,1.9335295182717436,2.079172358512388,1.8445625893889825,7.272000934701293,23.14843393459988,136,55.107615068126826,5.87952833858671,0.627104878404507,1.890939120477466,7.454835705049379
70,3-21,2020-09-05,42.655143,75.042585,12:59:23.613433,930265.10445,13.90457,-9.29808823418,43.8731939387,4230.359580332918,-1990.983763180304,9.812752454043166e+16,9.789112490711944e+16,450.0,1.81,28.717777777777776,0.0489330608530106,0.1991858428704208,5.97075,29.16,0.3762632057483154,1.8477677298116597,-2.8537383945819945,1.1808937213064574,206,17.068169346040733,133,46.9073860097343,3.35412918325444,-12.35700654547383,1.6095599698061582,6.345526940761279,17.68712224647732,125,50.028346137646,7.102487561877232,-10.474457479492196,1.7166512600393267,6.767723491398222,18.931211043715223,132,51.059028848311264,2.9884563629179786,-1.739654689392835,1.7520176654986732,6.907151958090996,21.80778619586799,134,52.97465213053002,6.565213694056167,-1.8569177580210665,1.8177495430253388,7.166293218768921
71,3-22,2020-09-05,42.820663,75.005823,12:59:26.371710,930265.10445,13.90457,-9.29284243458,43.8412567672,4230.359580332918,-1990.983763180304,9.773973067334163e+16,9.750278968282214e+16,450.0,1.725,28.710000000000004,0.0502719875007219,0.2685821357357253,5.97075,29.16,0.3762632057483154,1.8477677298116597,-2.9337453465917367,1.1836167495986487,206,17.701517890676254,133,48.11005752943738,1.8965507827832926,-7.082406237379008,1.6508279256572633,6.508221671343334,18.941917348710835,129,50.77190419091675,6.0559382646799,-5.919716989443474,1.742165392878108,6.868310372493459,19.939562639706715,131,52.3034196241649,1.3937705398837243,4.856853604328486,1.7947171580518007,7.07549037693564,22.15375669198624,132,53.77160401997745,5.274247594839047,3.620019424227159,1.8450958091091103,7.274103099369172
72,3-23,2020-09-05,42.98635,74.970451,12:59:29.129987,930265.10445,13.90457,-9.2864045491,43.8411891124,4230.359580332918,-1990.983763180304,9.739537462191544e+16,9.715765523385965e+16,450.0,1.84,28.665833333333328,0.0690794448223908,0.1961446590471615,5.236166666666667,29.14616666666667,0.2922433346830449,1.8307914590872072,-2.8099104713027403,0.4642349314410179,206,17.601484965836452,131,55.17297161313202,1.623283969840661,-5.285542781619521,1.8755522177922952,7.397917724558176,18.413321244078006,127,57.237573451354784,5.831753500432566,-3.6389102720701114,1.9457363757834352,7.6747517265445415,20.328312441321533,133,59.2019332889794,1.143385325799293,6.5759800570008835,2.012512903171401,7.93814468935379,22.670091275190035,134,60.24603942182795,5.144723358594991,4.731831602089974,2.0480062890779225,8.078144603092019
73,3-24,2020-09-05,43.152034,74.935076,12:59:31.888264,930265.10445,13.90457,-9.28012061367,43.8511911678,4230.359580332918,-1990.983763180304,9.70685616578526e+16,9.68296007167514e+16,450.0,1.8400000000000003,28.68,0.0512347538297975,0.1991858428704208,4.0885,28.979,0.1623309376962166,0.4360844719394015,-2.809059694869985,-0.6382058382330262,206,17.96373198210075,135,48.39893048876111,1.960220588326752,-7.297724154631994,1.6607401887620674,6.547299763340739,19.47066879435675,132,50.842080044475054,5.947971979322015,-3.9349322597926513,1.744573377085753,6.877803606016486,21.421917271618515,135,52.6505584840168,1.6292989834538905,2.208099004483662,1.8066287323327856,7.122450550476716,22.119292281174275,131,54.1557591880378,5.411496323460293,4.244031121500551,1.8582775451490392,7.326070756826224
